{
  "build": "h2eaa2aa_1",
  "build_number": 1,
  "channel": "https://repo.anaconda.com/pkgs/main/win-64",
  "constrains": [],
  "depends": [
    "vs2015_runtime >=14.40.33807"
  ],
  "extracted_package_dir": "C:\\Users\\Manas\\anaconda3\\pkgs\\vc-14.40-h2eaa2aa_1",
  "files": [
    ".nonadmin"
  ],
  "fn": "vc-14.40-h2eaa2aa_1.conda",
  "license": "BSD-3-Clause",
  "link": {
    "source": "C:\\Users\\Manas\\anaconda3\\pkgs\\vc-14.40-h2eaa2aa_1",
    "type": 1
  },
  "md5": "17cff96ab79812e3d26cd65fa5e70088",
  "name": "vc",
  "package_tarball_full_path": "C:\\Users\\Manas\\anaconda3\\pkgs\\vc-14.40-h2eaa2aa_1.conda",
  "paths_data": {
    "paths": [],
    "paths_version": 1
  },
  "requested_spec": "None",
  "sha256": "3f5b0bebbb003ee8220b7dcea603f8490eb4b2bb7dfb63b581292eb5506a4a9b",
  "size": 10176,
  "subdir": "win-64",
  "timestamp": 1726064402000,
  "track_features": "vc14",
  "url": "https://repo.anaconda.com/pkgs/main/win-64/vc-14.40-h2eaa2aa_1.conda",
  "version": "14.40"
}