{
  "build": "py39haa95532_0",
  "build_number": 0,
  "channel": "https://repo.anaconda.com/pkgs/main/win-64",
  "constrains": [],
  "depends": [
    "python >=3.9,<3.10.0a0"
  ],
  "extracted_package_dir": "C:\\Users\\Manas\\anaconda3\\pkgs\\wheel-0.44.0-py39haa95532_0",
  "files": [
    "Lib/site-packages/wheel-0.44.0.dist-info/LICENSE.txt",
    "Lib/site-packages/wheel-0.44.0.dist-info/METADATA",
    "Lib/site-packages/wheel-0.44.0.dist-info/RECORD",
    "Lib/site-packages/wheel-0.44.0.dist-info/WHEEL",
    "Lib/site-packages/wheel-0.44.0.dist-info/entry_points.txt",
    "Lib/site-packages/wheel/__init__.py",
    "Lib/site-packages/wheel/__main__.py",
    "Lib/site-packages/wheel/__pycache__/__init__.cpython-39.pyc",
    "Lib/site-packages/wheel/__pycache__/__main__.cpython-39.pyc",
    "Lib/site-packages/wheel/__pycache__/_bdist_wheel.cpython-39.pyc",
    "Lib/site-packages/wheel/__pycache__/_setuptools_logging.cpython-39.pyc",
    "Lib/site-packages/wheel/__pycache__/bdist_wheel.cpython-39.pyc",
    "Lib/site-packages/wheel/__pycache__/macosx_libfile.cpython-39.pyc",
    "Lib/site-packages/wheel/__pycache__/metadata.cpython-39.pyc",
    "Lib/site-packages/wheel/__pycache__/util.cpython-39.pyc",
    "Lib/site-packages/wheel/__pycache__/wheelfile.cpython-39.pyc",
    "Lib/site-packages/wheel/_bdist_wheel.py",
    "Lib/site-packages/wheel/_setuptools_logging.py",
    "Lib/site-packages/wheel/bdist_wheel.py",
    "Lib/site-packages/wheel/cli/__init__.py",
    "Lib/site-packages/wheel/cli/__pycache__/__init__.cpython-39.pyc",
    "Lib/site-packages/wheel/cli/__pycache__/convert.cpython-39.pyc",
    "Lib/site-packages/wheel/cli/__pycache__/pack.cpython-39.pyc",
    "Lib/site-packages/wheel/cli/__pycache__/tags.cpython-39.pyc",
    "Lib/site-packages/wheel/cli/__pycache__/unpack.cpython-39.pyc",
    "Lib/site-packages/wheel/cli/convert.py",
    "Lib/site-packages/wheel/cli/pack.py",
    "Lib/site-packages/wheel/cli/tags.py",
    "Lib/site-packages/wheel/cli/unpack.py",
    "Lib/site-packages/wheel/macosx_libfile.py",
    "Lib/site-packages/wheel/metadata.py",
    "Lib/site-packages/wheel/util.py",
    "Lib/site-packages/wheel/vendored/__init__.py",
    "Lib/site-packages/wheel/vendored/__pycache__/__init__.cpython-39.pyc",
    "Lib/site-packages/wheel/vendored/packaging/__init__.py",
    "Lib/site-packages/wheel/vendored/packaging/__pycache__/__init__.cpython-39.pyc",
    "Lib/site-packages/wheel/vendored/packaging/__pycache__/_elffile.cpython-39.pyc",
    "Lib/site-packages/wheel/vendored/packaging/__pycache__/_manylinux.cpython-39.pyc",
    "Lib/site-packages/wheel/vendored/packaging/__pycache__/_musllinux.cpython-39.pyc",
    "Lib/site-packages/wheel/vendored/packaging/__pycache__/_parser.cpython-39.pyc",
    "Lib/site-packages/wheel/vendored/packaging/__pycache__/_structures.cpython-39.pyc",
    "Lib/site-packages/wheel/vendored/packaging/__pycache__/_tokenizer.cpython-39.pyc",
    "Lib/site-packages/wheel/vendored/packaging/__pycache__/markers.cpython-39.pyc",
    "Lib/site-packages/wheel/vendored/packaging/__pycache__/requirements.cpython-39.pyc",
    "Lib/site-packages/wheel/vendored/packaging/__pycache__/specifiers.cpython-39.pyc",
    "Lib/site-packages/wheel/vendored/packaging/__pycache__/tags.cpython-39.pyc",
    "Lib/site-packages/wheel/vendored/packaging/__pycache__/utils.cpython-39.pyc",
    "Lib/site-packages/wheel/vendored/packaging/__pycache__/version.cpython-39.pyc",
    "Lib/site-packages/wheel/vendored/packaging/_elffile.py",
    "Lib/site-packages/wheel/vendored/packaging/_manylinux.py",
    "Lib/site-packages/wheel/vendored/packaging/_musllinux.py",
    "Lib/site-packages/wheel/vendored/packaging/_parser.py",
    "Lib/site-packages/wheel/vendored/packaging/_structures.py",
    "Lib/site-packages/wheel/vendored/packaging/_tokenizer.py",
    "Lib/site-packages/wheel/vendored/packaging/markers.py",
    "Lib/site-packages/wheel/vendored/packaging/requirements.py",
    "Lib/site-packages/wheel/vendored/packaging/specifiers.py",
    "Lib/site-packages/wheel/vendored/packaging/tags.py",
    "Lib/site-packages/wheel/vendored/packaging/utils.py",
    "Lib/site-packages/wheel/vendored/packaging/version.py",
    "Lib/site-packages/wheel/vendored/vendor.txt",
    "Lib/site-packages/wheel/wheelfile.py",
    "Scripts/wheel-script.py",
    "Scripts/wheel.exe",
    ".nonadmin"
  ],
  "fn": "wheel-0.44.0-py39haa95532_0.conda",
  "license": "MIT",
  "link": {
    "source": "C:\\Users\\Manas\\anaconda3\\pkgs\\wheel-0.44.0-py39haa95532_0",
    "type": 1
  },
  "md5": "a5c2fa0a4e5c5f08ee161f24c782bfc6",
  "name": "wheel",
  "package_tarball_full_path": "C:\\Users\\Manas\\anaconda3\\pkgs\\wheel-0.44.0-py39haa95532_0.conda",
  "paths_data": {
    "paths": [
      {
        "_path": "Lib/site-packages/wheel-0.44.0.dist-info/LICENSE.txt",
        "path_type": "hardlink",
        "sha256": "30c23618679108f3e8ea1d2a658c7ca417bdfc891c98ef1a89fa4ff0c9828654",
        "sha256_in_prefix": "30c23618679108f3e8ea1d2a658c7ca417bdfc891c98ef1a89fa4ff0c9828654",
        "size_in_bytes": 1107
      },
      {
        "_path": "Lib/site-packages/wheel-0.44.0.dist-info/METADATA",
        "path_type": "hardlink",
        "sha256": "3a3c69baae37bab03a835fa8b8a3128f08d69fb513345812beab7c6e5afee041",
        "sha256_in_prefix": "3a3c69baae37bab03a835fa8b8a3128f08d69fb513345812beab7c6e5afee041",
        "size_in_bytes": 2313
      },
      {
        "_path": "Lib/site-packages/wheel-0.44.0.dist-info/RECORD",
        "path_type": "hardlink",
        "sha256": "75a030adbe4dc907a0acc549b58dab4b1b06679b6af880357d1b28f489721717",
        "sha256_in_prefix": "75a030adbe4dc907a0acc549b58dab4b1b06679b6af880357d1b28f489721717",
        "size_in_bytes": 2908
      },
      {
        "_path": "Lib/site-packages/wheel-0.44.0.dist-info/WHEEL",
        "path_type": "hardlink",
        "sha256": "1196c6921ec87b83e865f450f08d19b8ff5592537f4ef719e83484e546abe33e",
        "sha256_in_prefix": "1196c6921ec87b83e865f450f08d19b8ff5592537f4ef719e83484e546abe33e",
        "size_in_bytes": 81
      },
      {
        "_path": "Lib/site-packages/wheel-0.44.0.dist-info/entry_points.txt",
        "path_type": "hardlink",
        "sha256": "ad363505b90f1e1906326e10dc5d29233241cd6da4331a06d68ae27dfbc6740d",
        "sha256_in_prefix": "ad363505b90f1e1906326e10dc5d29233241cd6da4331a06d68ae27dfbc6740d",
        "size_in_bytes": 104
      },
      {
        "_path": "Lib/site-packages/wheel/__init__.py",
        "path_type": "hardlink",
        "sha256": "1b474a6c75845852460e464822eda21682713f4a68534da542077a524a82f9a0",
        "sha256_in_prefix": "1b474a6c75845852460e464822eda21682713f4a68534da542077a524a82f9a0",
        "size_in_bytes": 59
      },
      {
        "_path": "Lib/site-packages/wheel/__main__.py",
        "path_type": "hardlink",
        "sha256": "3643149ee4c219c3a4818d0804b8010950bf04619c58e471d8af236064b5d941",
        "sha256_in_prefix": "3643149ee4c219c3a4818d0804b8010950bf04619c58e471d8af236064b5d941",
        "size_in_bytes": 455
      },
      {
        "_path": "Lib/site-packages/wheel/__pycache__/__init__.cpython-39.pyc",
        "path_type": "hardlink",
        "sha256": "c838bb4fcd7044446ead06154a6f60f3d6a16d074498aef6635e848198f1f096",
        "sha256_in_prefix": "c838bb4fcd7044446ead06154a6f60f3d6a16d074498aef6635e848198f1f096",
        "size_in_bytes": 199
      },
      {
        "_path": "Lib/site-packages/wheel/__pycache__/__main__.cpython-39.pyc",
        "path_type": "hardlink",
        "sha256": "d600f11af1bea344103f9ca79931fb85adf7f0973cf337c0ceb4774e04f4a8fe",
        "sha256_in_prefix": "d600f11af1bea344103f9ca79931fb85adf7f0973cf337c0ceb4774e04f4a8fe",
        "size_in_bytes": 591
      },
      {
        "_path": "Lib/site-packages/wheel/__pycache__/_bdist_wheel.cpython-39.pyc",
        "path_type": "hardlink",
        "sha256": "d1c63004d4ab92820012b2e03c526200d464c713839cdb8d5798101b301544e8",
        "sha256_in_prefix": "d1c63004d4ab92820012b2e03c526200d464c713839cdb8d5798101b301544e8",
        "size_in_bytes": 14835
      },
      {
        "_path": "Lib/site-packages/wheel/__pycache__/_setuptools_logging.cpython-39.pyc",
        "path_type": "hardlink",
        "sha256": "59dd3425ecd915de3897804d5e0425f6de4131c5b1d50ba70ad8ba89c7811bf9",
        "sha256_in_prefix": "59dd3425ecd915de3897804d5e0425f6de4131c5b1d50ba70ad8ba89c7811bf9",
        "size_in_bytes": 970
      },
      {
        "_path": "Lib/site-packages/wheel/__pycache__/bdist_wheel.cpython-39.pyc",
        "path_type": "hardlink",
        "sha256": "419bdecee476806f8f8ecf375d0b0105f888647edd1822e09c952c9205a242f0",
        "sha256_in_prefix": "419bdecee476806f8f8ecf375d0b0105f888647edd1822e09c952c9205a242f0",
        "size_in_bytes": 502
      },
      {
        "_path": "Lib/site-packages/wheel/__pycache__/macosx_libfile.cpython-39.pyc",
        "path_type": "hardlink",
        "sha256": "291eb0ab21769e44b0ebdb88f134b020479b4d03d95e0a469d71de6cd1f2c1b3",
        "sha256_in_prefix": "291eb0ab21769e44b0ebdb88f134b020479b4d03d95e0a469d71de6cd1f2c1b3",
        "size_in_bytes": 10450
      },
      {
        "_path": "Lib/site-packages/wheel/__pycache__/metadata.cpython-39.pyc",
        "path_type": "hardlink",
        "sha256": "84282dbc37a7a345b66dbf1bf473597e23348484dadb884cfc9049328f2d8c8d",
        "sha256_in_prefix": "84282dbc37a7a345b66dbf1bf473597e23348484dadb884cfc9049328f2d8c8d",
        "size_in_bytes": 6033
      },
      {
        "_path": "Lib/site-packages/wheel/__pycache__/util.cpython-39.pyc",
        "path_type": "hardlink",
        "sha256": "9f58e04268a850f8b033fb518e4311df3f233e145fb8e56b50215fb0ab427541",
        "sha256_in_prefix": "9f58e04268a850f8b033fb518e4311df3f233e145fb8e56b50215fb0ab427541",
        "size_in_bytes": 825
      },
      {
        "_path": "Lib/site-packages/wheel/__pycache__/wheelfile.cpython-39.pyc",
        "path_type": "hardlink",
        "sha256": "1147e4125d9190821e3db231e879ccc8937927da0ae322a23dc5e822cad1a931",
        "sha256_in_prefix": "1147e4125d9190821e3db231e879ccc8937927da0ae322a23dc5e822cad1a931",
        "size_in_bytes": 6319
      },
      {
        "_path": "Lib/site-packages/wheel/_bdist_wheel.py",
        "path_type": "hardlink",
        "sha256": "d32e284a36db98350c0e256b84d8cd64e394ed34fce5839b32248aed3f916126",
        "sha256_in_prefix": "d32e284a36db98350c0e256b84d8cd64e394ed34fce5839b32248aed3f916126",
        "size_in_bytes": 21496
      },
      {
        "_path": "Lib/site-packages/wheel/_setuptools_logging.py",
        "path_type": "hardlink",
        "sha256": "fb9282fa59ded2294e5162037ce92a6a951618c15986e2980c86af219881e643",
        "sha256_in_prefix": "fb9282fa59ded2294e5162037ce92a6a951618c15986e2980c86af219881e643",
        "size_in_bytes": 781
      },
      {
        "_path": "Lib/site-packages/wheel/bdist_wheel.py",
        "path_type": "hardlink",
        "sha256": "f9b5159a79fb4468dc19b8ef9f94284331514e23adf994c5cb86ec23582b0b85",
        "sha256_in_prefix": "f9b5159a79fb4468dc19b8ef9f94284331514e23adf994c5cb86ec23582b0b85",
        "size_in_bytes": 376
      },
      {
        "_path": "Lib/site-packages/wheel/cli/__init__.py",
        "path_type": "hardlink",
        "sha256": "369abafe32a2d3776121c46799bb85870be2549c703b4b5812712158cbfd709a",
        "sha256_in_prefix": "369abafe32a2d3776121c46799bb85870be2549c703b4b5812712158cbfd709a",
        "size_in_bytes": 4402
      },
      {
        "_path": "Lib/site-packages/wheel/cli/__pycache__/__init__.cpython-39.pyc",
        "path_type": "hardlink",
        "sha256": "be6739b9b2932fa3a23c65acd97b2f37069cf01d7b84061e774fb8b7366aa3a3",
        "sha256_in_prefix": "be6739b9b2932fa3a23c65acd97b2f37069cf01d7b84061e774fb8b7366aa3a3",
        "size_in_bytes": 4572
      },
      {
        "_path": "Lib/site-packages/wheel/cli/__pycache__/convert.cpython-39.pyc",
        "path_type": "hardlink",
        "sha256": "9bc593e24b15d85fcb3ea203ee2d5b143d103df087ccd1557908c0fb84a40162",
        "sha256_in_prefix": "9bc593e24b15d85fcb3ea203ee2d5b143d103df087ccd1557908c0fb84a40162",
        "size_in_bytes": 6419
      },
      {
        "_path": "Lib/site-packages/wheel/cli/__pycache__/pack.cpython-39.pyc",
        "path_type": "hardlink",
        "sha256": "a1fe4e5f3509642f852838c066306ee47381b07b8a11dac4b55c7f311042d927",
        "sha256_in_prefix": "a1fe4e5f3509642f852838c066306ee47381b07b8a11dac4b55c7f311042d927",
        "size_in_bytes": 3072
      },
      {
        "_path": "Lib/site-packages/wheel/cli/__pycache__/tags.cpython-39.pyc",
        "path_type": "hardlink",
        "sha256": "40f8f7a6737fe133a71d7f8880f402401468edb9da68b1a855de8ada4a310bac",
        "sha256_in_prefix": "40f8f7a6737fe133a71d7f8880f402401468edb9da68b1a855de8ada4a310bac",
        "size_in_bytes": 3785
      },
      {
        "_path": "Lib/site-packages/wheel/cli/__pycache__/unpack.cpython-39.pyc",
        "path_type": "hardlink",
        "sha256": "6c9c23d872666a17ab5421fba307619017093fe4a8a472fc0405f4f28e261088",
        "sha256_in_prefix": "6c9c23d872666a17ab5421fba307619017093fe4a8a472fc0405f4f28e261088",
        "size_in_bytes": 1043
      },
      {
        "_path": "Lib/site-packages/wheel/cli/convert.py",
        "path_type": "hardlink",
        "sha256": "c4d9f28a31ebc4dd3acddb5e41f338850d9f48fa20980c0226c0281c8075f412",
        "sha256_in_prefix": "c4d9f28a31ebc4dd3acddb5e41f338850d9f48fa20980c0226c0281c8075f412",
        "size_in_bytes": 9512
      },
      {
        "_path": "Lib/site-packages/wheel/cli/pack.py",
        "path_type": "hardlink",
        "sha256": "08015c1dd055ba5bec1d82659dd2953bb28c23d26a053673e628b43cac7108eb",
        "sha256_in_prefix": "08015c1dd055ba5bec1d82659dd2953bb28c23d26a053673e628b43cac7108eb",
        "size_in_bytes": 3103
      },
      {
        "_path": "Lib/site-packages/wheel/cli/tags.py",
        "path_type": "hardlink",
        "sha256": "947c3e2da5ab912e49cbfa96730fbaa528de34ceb20230e7a8a2371392534c25",
        "sha256_in_prefix": "947c3e2da5ab912e49cbfa96730fbaa528de34ceb20230e7a8a2371392534c25",
        "size_in_bytes": 4760
      },
      {
        "_path": "Lib/site-packages/wheel/cli/unpack.py",
        "path_type": "hardlink",
        "sha256": "63f27bca7c4f4a81454d3ec7d1f3206c195512bc320c670e6e099ee4c06ecf9f",
        "sha256_in_prefix": "63f27bca7c4f4a81454d3ec7d1f3206c195512bc320c670e6e099ee4c06ecf9f",
        "size_in_bytes": 1021
      },
      {
        "_path": "Lib/site-packages/wheel/macosx_libfile.py",
        "path_type": "hardlink",
        "sha256": "935c7b084dcb3ed3951aa8fa3574359d319854f69e46b855cd41bf28fab7cc3b",
        "sha256_in_prefix": "935c7b084dcb3ed3951aa8fa3574359d319854f69e46b855cd41bf28fab7cc3b",
        "size_in_bytes": 16572
      },
      {
        "_path": "Lib/site-packages/wheel/metadata.py",
        "path_type": "hardlink",
        "sha256": "242e29ee395066ed9b513010d9f7af92a2e383f5fa8273724612e7e8e50ed6d7",
        "sha256_in_prefix": "242e29ee395066ed9b513010d9f7af92a2e383f5fa8273724612e7e8e50ed6d7",
        "size_in_bytes": 6171
      },
      {
        "_path": "Lib/site-packages/wheel/util.py",
        "path_type": "hardlink",
        "sha256": "7b48e99ec6db33d42169a312c9aa7efd9814c5cc70a722c393a44772b76e3cb8",
        "sha256_in_prefix": "7b48e99ec6db33d42169a312c9aa7efd9814c5cc70a722c393a44772b76e3cb8",
        "size_in_bytes": 621
      },
      {
        "_path": "Lib/site-packages/wheel/vendored/__init__.py",
        "path_type": "hardlink",
        "sha256": "e3b0c44298fc1c149afbf4c8996fb92427ae41e4649b934ca495991b7852b855",
        "sha256_in_prefix": "e3b0c44298fc1c149afbf4c8996fb92427ae41e4649b934ca495991b7852b855",
        "size_in_bytes": 0
      },
      {
        "_path": "Lib/site-packages/wheel/vendored/__pycache__/__init__.cpython-39.pyc",
        "path_type": "hardlink",
        "sha256": "23a150191b057414a79b5005fe70f8078b45e9b3bab92886136e3dc17390af08",
        "sha256_in_prefix": "23a150191b057414a79b5005fe70f8078b45e9b3bab92886136e3dc17390af08",
        "size_in_bytes": 135
      },
      {
        "_path": "Lib/site-packages/wheel/vendored/packaging/__init__.py",
        "path_type": "hardlink",
        "sha256": "e3b0c44298fc1c149afbf4c8996fb92427ae41e4649b934ca495991b7852b855",
        "sha256_in_prefix": "e3b0c44298fc1c149afbf4c8996fb92427ae41e4649b934ca495991b7852b855",
        "size_in_bytes": 0
      },
      {
        "_path": "Lib/site-packages/wheel/vendored/packaging/__pycache__/__init__.cpython-39.pyc",
        "path_type": "hardlink",
        "sha256": "de07abcc7f223f765887e0d0b57bda07ea0865b1886b63d1252af6ce28f08b92",
        "sha256_in_prefix": "de07abcc7f223f765887e0d0b57bda07ea0865b1886b63d1252af6ce28f08b92",
        "size_in_bytes": 145
      },
      {
        "_path": "Lib/site-packages/wheel/vendored/packaging/__pycache__/_elffile.cpython-39.pyc",
        "path_type": "hardlink",
        "sha256": "424d507d182328a8a5b927d2043ef669777fe2b6886aafdf3905ee4b0dd8ca7d",
        "sha256_in_prefix": "424d507d182328a8a5b927d2043ef669777fe2b6886aafdf3905ee4b0dd8ca7d",
        "size_in_bytes": 3315
      },
      {
        "_path": "Lib/site-packages/wheel/vendored/packaging/__pycache__/_manylinux.cpython-39.pyc",
        "path_type": "hardlink",
        "sha256": "f4a199424bc02099d0317b3d6f292eae007d3bd8c4c2d35698cbfb21884651ab",
        "sha256_in_prefix": "f4a199424bc02099d0317b3d6f292eae007d3bd8c4c2d35698cbfb21884651ab",
        "size_in_bytes": 6362
      },
      {
        "_path": "Lib/site-packages/wheel/vendored/packaging/__pycache__/_musllinux.cpython-39.pyc",
        "path_type": "hardlink",
        "sha256": "53e8f5e62ff52b83808fde564439a0dbfbd243034a42e93fd319dd573cafb936",
        "sha256_in_prefix": "53e8f5e62ff52b83808fde564439a0dbfbd243034a42e93fd319dd573cafb936",
        "size_in_bytes": 3277
      },
      {
        "_path": "Lib/site-packages/wheel/vendored/packaging/__pycache__/_parser.cpython-39.pyc",
        "path_type": "hardlink",
        "sha256": "27b7acfc8996f56c0251c4ed8035bc60104d8f42f31e55f76fa60db916c7f5a3",
        "sha256_in_prefix": "27b7acfc8996f56c0251c4ed8035bc60104d8f42f31e55f76fa60db916c7f5a3",
        "size_in_bytes": 8946
      },
      {
        "_path": "Lib/site-packages/wheel/vendored/packaging/__pycache__/_structures.cpython-39.pyc",
        "path_type": "hardlink",
        "sha256": "858d759d34269dd15657f1f942fe8ff6abcea5b10341b6fe58a43131282732e1",
        "sha256_in_prefix": "858d759d34269dd15657f1f942fe8ff6abcea5b10341b6fe58a43131282732e1",
        "size_in_bytes": 2755
      },
      {
        "_path": "Lib/site-packages/wheel/vendored/packaging/__pycache__/_tokenizer.cpython-39.pyc",
        "path_type": "hardlink",
        "sha256": "abc2918b192f2cb0d2ac3465c669b369e460d6296d99df579f6297c73091ddae",
        "sha256_in_prefix": "abc2918b192f2cb0d2ac3465c669b369e460d6296d99df579f6297c73091ddae",
        "size_in_bytes": 5652
      },
      {
        "_path": "Lib/site-packages/wheel/vendored/packaging/__pycache__/markers.cpython-39.pyc",
        "path_type": "hardlink",
        "sha256": "3cb4face2d9ac74779d552b83d5c41edce64ae3df0a9a6db6aba024a6872cc66",
        "sha256_in_prefix": "3cb4face2d9ac74779d552b83d5c41edce64ae3df0a9a6db6aba024a6872cc66",
        "size_in_bytes": 6942
      },
      {
        "_path": "Lib/site-packages/wheel/vendored/packaging/__pycache__/requirements.cpython-39.pyc",
        "path_type": "hardlink",
        "sha256": "9553ac01aea8815dfaeaa394f981ebe7e78da4d06c6a6eef0df06b2eea3d095d",
        "sha256_in_prefix": "9553ac01aea8815dfaeaa394f981ebe7e78da4d06c6a6eef0df06b2eea3d095d",
        "size_in_bytes": 2795
      },
      {
        "_path": "Lib/site-packages/wheel/vendored/packaging/__pycache__/specifiers.cpython-39.pyc",
        "path_type": "hardlink",
        "sha256": "28869f4cd22f92a35e87fcbf449f4a987c618f4ef307f38fd4a71d960c8e4701",
        "sha256_in_prefix": "28869f4cd22f92a35e87fcbf449f4a987c618f4ef307f38fd4a71d960c8e4701",
        "size_in_bytes": 30996
      },
      {
        "_path": "Lib/site-packages/wheel/vendored/packaging/__pycache__/tags.cpython-39.pyc",
        "path_type": "hardlink",
        "sha256": "5ae4b542bfd679ae10d7b1b78f1c9ed444693a21eb3eab23d2b25b623367c66a",
        "sha256_in_prefix": "5ae4b542bfd679ae10d7b1b78f1c9ed444693a21eb3eab23d2b25b623367c66a",
        "size_in_bytes": 13837
      },
      {
        "_path": "Lib/site-packages/wheel/vendored/packaging/__pycache__/utils.cpython-39.pyc",
        "path_type": "hardlink",
        "sha256": "27bd42955b760021aa421ecf4606224f9b32c259bfc449687206790aec1848cf",
        "sha256_in_prefix": "27bd42955b760021aa421ecf4606224f9b32c259bfc449687206790aec1848cf",
        "size_in_bytes": 4553
      },
      {
        "_path": "Lib/site-packages/wheel/vendored/packaging/__pycache__/version.cpython-39.pyc",
        "path_type": "hardlink",
        "sha256": "93d162636eb4163d1eaa0c404f574374f632e70daf166a8ef08c0d910c86d827",
        "sha256_in_prefix": "93d162636eb4163d1eaa0c404f574374f632e70daf166a8ef08c0d910c86d827",
        "size_in_bytes": 14273
      },
      {
        "_path": "Lib/site-packages/wheel/vendored/packaging/_elffile.py",
        "path_type": "hardlink",
        "sha256": "85b98af0e0fa67b7d8ea1c229c7114703d5bcbb73390688d62eed28671449369",
        "sha256_in_prefix": "85b98af0e0fa67b7d8ea1c229c7114703d5bcbb73390688d62eed28671449369",
        "size_in_bytes": 3266
      },
      {
        "_path": "Lib/site-packages/wheel/vendored/packaging/_manylinux.py",
        "path_type": "hardlink",
        "sha256": "3fbb1d479ffb5c1634f4b55860f8479b274c2482303d75ac878a2593be14ba3e",
        "sha256_in_prefix": "3fbb1d479ffb5c1634f4b55860f8479b274c2482303d75ac878a2593be14ba3e",
        "size_in_bytes": 9588
      },
      {
        "_path": "Lib/site-packages/wheel/vendored/packaging/_musllinux.py",
        "path_type": "hardlink",
        "sha256": "cf5b3c4e8da1434be99ff77e3b68b9ab11b010af1698694bb7777fdba57b35e6",
        "sha256_in_prefix": "cf5b3c4e8da1434be99ff77e3b68b9ab11b010af1698694bb7777fdba57b35e6",
        "size_in_bytes": 2674
      },
      {
        "_path": "Lib/site-packages/wheel/vendored/packaging/_parser.py",
        "path_type": "hardlink",
        "sha256": "e2d4f87a64a5daa4da53b553404d576bda358cc3c2b017b3b18071c8d31437eb",
        "sha256_in_prefix": "e2d4f87a64a5daa4da53b553404d576bda358cc3c2b017b3b18071c8d31437eb",
        "size_in_bytes": 10347
      },
      {
        "_path": "Lib/site-packages/wheel/vendored/packaging/_structures.py",
        "path_type": "hardlink",
        "sha256": "ab77953666d62461bf4b40e2b7f4b7028f2a42acffe4f6135c500a0597b9cabe",
        "sha256_in_prefix": "ab77953666d62461bf4b40e2b7f4b7028f2a42acffe4f6135c500a0597b9cabe",
        "size_in_bytes": 1431
      },
      {
        "_path": "Lib/site-packages/wheel/vendored/packaging/_tokenizer.py",
        "path_type": "hardlink",
        "sha256": "6a50ad6f05e138502614667a050fb0093485a11009db3fb2b087fbfff31327f9",
        "sha256_in_prefix": "6a50ad6f05e138502614667a050fb0093485a11009db3fb2b087fbfff31327f9",
        "size_in_bytes": 5292
      },
      {
        "_path": "Lib/site-packages/wheel/vendored/packaging/markers.py",
        "path_type": "hardlink",
        "sha256": "fd348f2350612583bb069f40cd398743122a1c45576938e60e1f46fb0f2accf0",
        "sha256_in_prefix": "fd348f2350612583bb069f40cd398743122a1c45576938e60e1f46fb0f2accf0",
        "size_in_bytes": 8232
      },
      {
        "_path": "Lib/site-packages/wheel/vendored/packaging/requirements.py",
        "path_type": "hardlink",
        "sha256": "760a01795a6b3eed9813a43c9c67f038f4e30131db45afd918bc978451259fa4",
        "sha256_in_prefix": "760a01795a6b3eed9813a43c9c67f038f4e30131db45afd918bc978451259fa4",
        "size_in_bytes": 2933
      },
      {
        "_path": "Lib/site-packages/wheel/vendored/packaging/specifiers.py",
        "path_type": "hardlink",
        "sha256": "2164add12acb48fef685e5a1002f142f4786bdab3b5c84078ea8958957e63ca1",
        "sha256_in_prefix": "2164add12acb48fef685e5a1002f142f4786bdab3b5c84078ea8958957e63ca1",
        "size_in_bytes": 39778
      },
      {
        "_path": "Lib/site-packages/wheel/vendored/packaging/tags.py",
        "path_type": "hardlink",
        "sha256": "7de7475e2387901c4d6535e8b57bfcb973e630553d69ef93281ba38181e281c0",
        "sha256_in_prefix": "7de7475e2387901c4d6535e8b57bfcb973e630553d69ef93281ba38181e281c0",
        "size_in_bytes": 18950
      },
      {
        "_path": "Lib/site-packages/wheel/vendored/packaging/utils.py",
        "path_type": "hardlink",
        "sha256": "5e07663f7cb1f7ec101058ceecebcc8fd46311fe49951e4714547af6fed243d1",
        "sha256_in_prefix": "5e07663f7cb1f7ec101058ceecebcc8fd46311fe49951e4714547af6fed243d1",
        "size_in_bytes": 5268
      },
      {
        "_path": "Lib/site-packages/wheel/vendored/packaging/version.py",
        "path_type": "hardlink",
        "sha256": "3c525a6190f1060cb191f6211f7490c38a9f13d202096ad39a2b6fab5e32ddbb",
        "sha256_in_prefix": "3c525a6190f1060cb191f6211f7490c38a9f13d202096ad39a2b6fab5e32ddbb",
        "size_in_bytes": 16234
      },
      {
        "_path": "Lib/site-packages/wheel/vendored/vendor.txt",
        "path_type": "hardlink",
        "sha256": "67610d8c1d62e69adf7b3f0274cd5276bddce99c6fdab451a253292e60677001",
        "sha256_in_prefix": "67610d8c1d62e69adf7b3f0274cd5276bddce99c6fdab451a253292e60677001",
        "size_in_bytes": 16
      },
      {
        "_path": "Lib/site-packages/wheel/wheelfile.py",
        "path_type": "hardlink",
        "sha256": "5120adb4d949c1a7f1b79d5860514a1bb8e7c73f1d7e16f2a8064bea331303db",
        "sha256_in_prefix": "5120adb4d949c1a7f1b79d5860514a1bb8e7c73f1d7e16f2a8064bea331303db",
        "size_in_bytes": 8411
      },
      {
        "_path": "Scripts/wheel-script.py",
        "path_type": "hardlink",
        "sha256": "f81e86d226fd97f3a9fb708b803859f8922740e5b62a4577b0b6b8b1d6b8e333",
        "sha256_in_prefix": "f81e86d226fd97f3a9fb708b803859f8922740e5b62a4577b0b6b8b1d6b8e333",
        "size_in_bytes": 203
      },
      {
        "_path": "Scripts/wheel.exe",
        "path_type": "hardlink",
        "sha256": "f24d102084620e54fe68d07f6e9169118b283f8d33d0c8f4b974c2e05a306059",
        "sha256_in_prefix": "f24d102084620e54fe68d07f6e9169118b283f8d33d0c8f4b974c2e05a306059",
        "size_in_bytes": 54032
      }
    ],
    "paths_version": 1
  },
  "requested_spec": "None",
  "sha256": "a01cc0dc3d2d4d7178ae9c6d7392832495560c5f4245dfbda490ebf4aaa74310",
  "size": 140129,
  "subdir": "win-64",
  "timestamp": 1726165215000,
  "url": "https://repo.anaconda.com/pkgs/main/win-64/wheel-0.44.0-py39haa95532_0.conda",
  "version": "0.44.0"
}